r (m) ,0,0.25,0.5,0,0.25,0.5,0,0.25,0.5,0,0.25,0.5,0,0.25,0.5
z (m) ,0,0,0,0.25,0.25,0.25,0.5,0.5,0.5,0.75,0.75,0.75,1,1,1
,,,,,,,,,,,,,,,
t (hr) ,T (degC) ,,,,,,,,,,,,,,
0,27.99853569,27.99853678,28.00095576,28.00397948,28.00398058,28.00645994,28.00394843,28.00394952,28.00636694,28.00385576,28.00385683,28.0060894,27.99829034,27.99829136,28.00022088
0.1,31.79444537,32.74910259,40.42280674,35.21918187,36.46229402,45.66542962,35.16285541,36.39626839,45.51149894,34.99475499,36.19922179,45.05210891,31.43998904,32.33704718,39.45109116
0.2,35.46248811,37.98647258,50.76324921,41.4073897,44.98378298,61.29751039,41.30278079,44.85126987,61.01689853,40.99058642,44.4557983,60.17944177,34.85527709,37.22878942,49.12794335
0.3,38.51304021,42.91743042,59.22476437,46.90595808,53.57351506,75.23307401,46.75844874,53.37398378,74.84060184,46.31821762,52.77849638,73.66930424,37.70473444,41.84921683,57.06516099
0.4,41.18960066,47.64350028,66.63221276,51.96647511,62.21827651,88.14095467,51.77948893,61.95130659,87.64533612,51.22141538,61.15451301,86.16617666,40.20900433,46.28506393,64.02276901
0.5,43.56503431,52.19327762,73.21509266,56.66098305,70.91862552,100.1987998,56.43739316,70.58381146,99.60714357,55.76998228,69.58438895,97.84125373,42.43438909,50.56094791,70.21243477
0.6,45.76374944,56.63474145,79.31782016,61.13563717,79.65659533,111.7431617,60.87717886,79.25367648,111.0597379,60.10553001,78.05071601,109.0197642,44.49583169,54.7382203,75.95439773
0.7,47.7650362,60.9495659,84.88275156,65.35991719,88.44311064,122.6926827,65.06858453,87.97177677,121.922429,64.19848703,86.56407925,119.6229075,46.37390418,58.79993276,81.19444373
0.8,49.58132637,65.13818124,89.93673881,69.34491595,97.28406935,133.053308,69.02264933,96.74402301,132.2011241,68.05960131,95.13019336,129.6563082,48.07995831,62.7462245,85.95714159
0.9,51.24174282,69.21163656,94.54654304,73.12519933,106.1815278,142.8778875,72.77371839,105.5725465,141.9482795,71.72236422,103.7510513,139.1709931,49.64094556,66.58700707,90.3044352
1,52.77616955,73.18261499,98.7783567,76.73935118,115.1358762,152.2247233,76.3601443,114.4578692,151.2217991,75.22416039,112.4270322,148.2233056,51.0846244,70.33377653,94.29790278
1.1,54.20960516,77.06201596,102.6854312,80.22216148,124.1467118,161.1431869,79.81653998,123.3997817,160.0707721,78.5986988,121.157748,156.8609815,52.43427456,73.99645829,97.98715895
1.2,55.56180934,80.85851538,106.3088958,83.60315484,133.2130077,169.6728455,83.1723213,132.39752,168.5346072,81.87458724,129.9422077,165.1222898,53.70833095,77.58297096,101.4105641
1.3,56.84835915,84.57896558,109.6811755,86.90710682,142.3330916,177.8458238,86.45222036,141.4497518,176.6453744,85.07583275,138.7787964,173.0383093,54.92134448,81.09957251,104.5983817
1.4,58.08168275,88.22882612,112.8286252,90.15485423,151.5046231,185.6888788,89.67708913,150.5545576,184.4298599,88.22262686,147.6652551,180.6349319,56.08493465,84.55124621,107.5752227
1.5,59.271811,91.81247162,115.7731469,93.3639929,160.7246085,193.2247324,92.86459044,159.7094451,191.910883,91.33202195,156.5986941,187.9341493,57.20848614,87.94197958,110.3615498
1.6,60.42690575,95.33340555,118.5332012,96.54943218,169.989444,200.4729215,96.02974608,168.9113893,199.1081322,94.41846853,165.5756361,194.9548753,58.29963955,91.27495912,112.9746172
1.7,61.55364474,98.79442079,121.124506,99.72383637,179.2949789,207.4503957,99.18537268,178.1568875,206.0387497,97.49424307,174.5920764,201.7135222,59.36464951,94.55271703,115.429122
1.8,62.65751316,102.1977287,123.5605605,102.8979804,188.6365874,214.1719724,102.3424327,187.4420239,212.7177737,100.5697927,183.6435537,208.2244412,60.40865612,97.7772495,117.7376909
1.9,63.74303024,105.5450658,125.8530491,106.0810398,198.0092457,220.6506958,105.5103206,196.762535,219.1584865,103.6540162,192.7252235,214.5002682,61.43589605,100.9501149,119.9112571
2,64.81392781,108.8377828,128.0121588,109.2808295,207.4076084,226.8981237,108.6970982,206.1138756,225.372691,106.754495,201.8319318,220.5522018,62.44986908,104.0725152,121.9593552
2.1,65.87329229,112.0769175,130.0468281,112.5040015,216.8260813,232.924559,111.9096906,215.4912808,231.3709342,109.8776855,210.9582861,226.3902257,63.45347061,107.1453644,123.8903538
2.2,66.92367835,115.2632561,131.9649465,115.7562106,226.2588896,238.7392367,115.1540491,224.8898234,237.1626875,113.0290784,220.0987199,232.0232906,64.44909785,110.1693441,125.7116413
2.3,67.96720015,118.3973826,133.7735144,119.0422515,235.7001383,244.3504777,118.4352869,234.3044652,242.7564952,116.2133325,229.2475519,237.4594618,65.43873502,113.1449495,127.4297754
2.4,69.00560503,121.47972,135.478774,122.3661748,245.1438671,249.7658155,121.7577931,243.7301017,248.1600976,119.4343863,238.3990376,242.7060419,66.42402234,116.0725281,129.0506043
2.5,70.04033329,124.5105636,137.0863162,125.7313832,254.5840966,254.9921009,125.1253278,253.1616014,253.3805331,122.6955517,247.5474149,247.7696723,67.40631187,118.9523102,130.5793677
2.6,71.07256688,127.490109,138.6011691,129.1407135,264.0148694,260.0355903,128.5411018,262.5938388,258.4242247,125.9995929,256.6869424,252.6564181,68.38671316,121.7844345,132.0207787
2.7,72.10326941,130.4184738,140.0278724,132.5965054,273.4302834,264.9020198,132.0078444,272.0217223,263.2970528,129.348793,265.8119325,257.3718399,69.36613062,124.5689691,133.3790934
2.8,73.13321893,133.2957164,141.3705393,136.1006599,282.8245205,269.5966673,135.5278597,281.4402169,268.0044175,132.7450108,274.9167779,261.9210542,70.34529432,127.3059281,134.6581689
2.9,74.16303521,136.1218502,142.6329093,139.6546888,292.1918696,274.1244064,139.1030751,290.8443629,272.551292,136.1897286,283.9959744,266.308785,71.32478542,129.9952854,135.8615124
3,75.19320221,138.8968561,143.8183927,143.2597577,301.5267452,278.4897515,142.7350817,300.2292913,276.9422686,139.6840933,293.0441383,270.5394078,72.30505736,132.6369857,136.9923229
3.1,76.22408695,141.6206915,144.9301088,146.9167218,310.8237019,282.696897,146.4251693,309.5902348,281.1815986,143.2289518,302.0560205,274.6169877,73.28645346,135.2309537,138.0535271
3.2,77.25595526,144.2932985,145.9709191,150.6261574,320.0774457,286.7497513,150.1743558,318.9225372,285.2732267,146.8248808,311.0265175,278.545312,74.26922169,137.7771005,139.04781
3.3,78.28898497,146.9146095,146.9434549,154.3883888,329.2828424,290.6519658,153.9834127,328.2216596,289.2208217,150.4722132,319.9506787,282.3279183,75.25352709,140.2753301,139.9776415
3.4,79.32327715,149.4845524,147.850143,158.203512,338.4349227,294.4069605,157.8528866,337.4831853,293.0278029,154.1710606,328.8237124,285.9681197,76.23946226,142.7255431,140.8452992
3.5,80.35886556,152.0030542,148.693226,162.0714147,347.5288865,298.017946,161.7831183,346.702822,296.6973633,157.9213329,337.6409887,289.469026,77.22705625,145.1276406,141.6528887
3.6,81.39572478,154.470044,149.4747818,165.9917943,356.5601038,301.4879436,165.7742589,355.8764038,300.2324911,161.7227559,346.3980416,292.8335629,78.21628217,147.4815268,142.402361
3.7,82.43377711,156.8854553,150.1967398,169.9641739,365.5241159,304.8198021,169.8262837,364.9998914,303.6359872,165.5748859,355.0905689,296.0644884,79.20706372,149.7871112,143.0955279
3.8,83.47289859,159.2492273,150.8608952,173.987916,374.4166338,308.0162129,173.9390054,374.0693712,306.9104822,169.477124,363.7144317,299.1644081,80.19928076,152.0443097,143.7340756
3.9,84.51292417,161.5613068,151.4689219,178.0622353,383.2335366,311.079724,178.1120846,383.0810542,310.0584507,173.4287276,372.265652,302.1357878,81.19277422,154.2530461,144.3195765
4,85.55365224,163.8216486,152.0223842,182.1862096,391.9708684,314.0127518,182.3450395,392.0312739,313.082225,177.4288216,380.7404106,304.9809657,82.18735034,156.4132529,144.8534999
4.1,86.59484863,166.0302161,152.5227461,186.3587904,400.6248357,316.8175918,186.6372554,400.9164841,315.984006,181.4764079,389.1350437,307.7021624,83.18278442,158.5248716,145.3372217
4.2,87.63625007,168.1869819,152.9713811,190.5788122,409.1918026,319.4964282,190.9879919,409.7332559,318.7658746,185.5703748,397.4460392,310.3014907,84.17882411,160.5878531,145.7720325
4.3,88.67756734,170.2919281,153.3695796,194.8450005,417.6682874,322.051343,195.396391,418.4782747,321.4298011,189.7095049,405.6700326,312.7809635,85.17519232,162.6021577,146.1591449
4.4,89.71848808,172.3450457,153.7185566,199.1559805,426.0509576,324.4843232,199.8614831,427.1483371,323.9776538,193.8924829,413.8038027,315.1425022,86.1715899,164.5677556,146.499701
4.5,90.75867925,174.3463355,154.0194577,203.5102839,434.3366255,326.7972686,204.3821938,435.7403476,326.4112071,198.1179029,421.8442673,317.387943,87.16769794,166.4846263,146.7947776
4.6,91.79778943,176.2958069,154.2733652,207.9063562,442.5222433,328.9919978,208.9573494,444.2513152,328.7321484,202.3842747,429.7884786,319.5190433,88.16317996,168.3527585,147.0453924
4.7,92.83545086,178.1934788,154.4813034,212.342563,450.6048985,331.070254,213.5856827,452.6783499,330.942085,206.6900302,437.6336183,321.5374876,89.15768381,170.1721501,147.2525083
4.8,93.87128134,180.0393784,154.6442431,216.8171959,458.5818087,333.0337109,218.265838,461.0186598,333.0425502,211.0335294,445.3769932,323.4448926,90.15084348,171.9428081,147.4170384
4.9,94.90488594,181.8335417,154.7631061,221.3284787,466.450317,334.8839769,222.9963763,469.2695468,335.0350082,215.413066,453.0160309,325.2428119,91.14228067,173.6647477,147.5398494
5,95.93585859,183.5760127,154.8387691,225.8745729,474.2078874,336.6226002,227.7757797,477.4284046,336.9208601,219.8268726,460.5482745,326.9327404,92.13160639,175.3379926,147.6217659
5.1,96.96378353,185.2668433,154.8720671,230.4535826,481.8520999,338.2510727,232.6024563,485.4927143,338.7014475,224.2731256,467.9713789,328.5161185,93.11842223,176.9625744,147.6635734
5.2,97.98823671,186.906093,154.8637969,235.0635597,489.3806463,339.7708335,237.4747446,493.4600423,340.3780578,228.7499506,475.2831061,329.9943355,94.10232173,178.5385327,147.6660215
5.3,99.00878698,188.4938286,154.8147198,239.7025088,496.7913252,341.1832731,242.3909175,501.3280366,341.9519274,233.2554266,482.4813209,331.3687335,95.08289153,180.065914,147.6298263
5.4,100.0249973,190.0301241,154.7255643,244.3683918,504.0820385,342.489736,247.3491866,509.0944243,343.4242458,237.7875902,489.5639871,332.6406099,96.05971248,181.5447722,147.5556734
5.5,101.0364259,191.51506,154.5970289,249.0591319,511.2507867,343.6915243,252.3477062,516.7570088,344.7961588,242.3444406,496.5291634,333.811221,97.0323607,182.9751681,147.44422
5.6,102.0426271,192.9487233,154.429784,253.7726182,518.2956651,344.7898998,257.3845769,524.313667,346.0687716,246.9239429,503.3749995,334.8817842,98.0004085,184.3571689,147.296097
5.7,103.0431523,194.3312073,154.2244742,258.5067095,525.21486,345.7860874,262.4578499,531.7623469,347.2431519,251.5240322,510.0997327,335.8534811,98.96342532,185.6908482,147.1119111
5.8,104.0375513,195.6626113,153.9817202,263.2592383,532.0066452,346.681277,267.5655299,539.101065,348.3203324,256.1426174,516.701684,336.7274592,99.92097856,186.9762854,146.8922464
5.9,105.0253724,196.9430403,153.7021202,268.0280141,538.669378,347.4766258,272.7055793,546.3279043,349.3013137,260.7775849,523.1792552,337.5048346,100.8726343,188.2135662,146.6376663
6,106.0061635,198.1726049,153.3862522,272.8108275,545.2014966,348.1732605,277.8759211,553.4410118,350.1870659,265.4268015,529.5309253,338.1866937,101.8179583,189.4027815,146.3487146
6.1,106.9794732,199.351421,153.0346749,277.6054529,551.601516,348.7722795,283.0744426,560.4385968,350.9785315,270.088118,535.7552477,338.7740957,102.7565161,190.5440278,146.0259176
6.2,107.9448507,200.4796096,152.6479295,282.409652,557.8680256,349.2747545,288.2989983,567.3189284,351.6766274,274.7593724,541.8508471,339.2680735,103.6878744,191.6374068,145.6697846
6.3,108.9018472,201.5572969,152.2265405,287.2211768,563.9996862,349.681732,293.5474133,574.080334,352.2822462,279.4383923,547.8164169,339.6696362,104.6116011,192.6830253,145.2808097
6.4,109.8500157,202.5846138,151.7710175,292.0377727,569.995227,349.9942355,298.8174861,580.7211973,352.7962586,284.1229982,553.6507161,339.9797703,105.527266,193.6809949,144.8594727
6.5,110.7889123,203.561696,151.2818557,296.8571808,575.853443,350.2132667,304.1069914,587.2399571,353.2195149,288.811006,559.3525676,340.1994413,106.4344416,194.6314322,144.40624
6.6,111.7180963,204.4886836,150.7595375,301.6771407,581.5731929,350.3398068,309.4136834,593.6351048,353.5528462,293.5002295,564.9208549,340.329595,107.3327031,195.5344581,143.9215659
6.7,112.6371304,205.3657214,150.2045327,306.495393,587.153396,350.3748182,314.7352977,599.905184,353.7970665,298.1884828,570.3545205,340.3711588,108.2216292,196.3901983,143.4058931
6.8,113.5455819,206.1929584,149.6173003,311.3096819,592.5930307,350.3192455,320.0695549,606.048788,353.9529735,302.8735825,575.6525632,340.3250431,109.1008024,197.1987827,142.8596537
6.9,114.4430223,206.970548,148.9982886,316.1177567,597.8911319,350.1740168,325.4141622,612.0645593,354.0213502,307.5533499,580.8140367,340.1921422,109.9698093,197.9603457,142.2832702
7,115.3290281,207.6986477,148.347936,320.9173747,603.046789,349.9400448,330.7668165,617.9511879,354.0029659,312.2256132,585.838047,339.9733359,110.8282412,198.6750258,141.6771556
7.1,116.2031811,208.3774191,147.6666723,325.7063024,608.0591442,349.6182279,336.1252062,623.7074101,353.8985777,316.8882092,590.7237511,339.6694897,111.6756941,199.3429656,141.0417149
7.2,117.0650687,209.0070279,146.9549185,330.4823182,612.9273906,349.2094512,341.4870139,629.3320076,353.7089309,321.538985,595.4703548,339.2814566,112.5117693,199.9643119,140.3773449
7.3,117.9142838,209.5876438,146.2130884,335.2432131,617.6507704,348.7145874,346.8499183,634.8238061,353.4347608,326.1758001,600.0771115,338.8100775,113.3360733,200.5392154,139.6844352
7.4,118.7504259,210.1194404,145.4415882,339.9867934,622.2285733,348.1344979,352.2115961,640.1816745,353.076793,330.7965274,604.5433203,338.2561825,114.1482187,201.0678307,138.963369
7.5,119.5731004,210.6025952,144.6408175,344.7108815,626.6601351,347.4700332,357.5697243,645.404524,352.6357444,335.3990553,608.8683248,337.6205912,114.9478236,201.5503166,138.2145228
7.6,120.3819195,211.0372896,143.8111702,349.4133175,630.9448361,346.7220342,362.921982,650.4913071,352.1123245,339.9812888,613.0515114,336.9041138,115.7345125,201.9868355,137.4382676
7.7,121.1765021,211.4237087,142.9530339,354.0919607,635.0820997,345.8913326,368.266052,655.4410166,351.5072354,344.5411508,617.0923082,336.107552,116.5079162,202.3775535,136.6349693
7.8,121.9564739,211.7620415,142.0667916,358.7446907,639.0713911,344.9787518,373.5996227,660.252685,350.8211732,349.0765832,620.9901839,335.2316991,117.267672,202.722641,135.8049884
7.9,122.7214678,212.0524808,141.152821,363.3694087,642.9122165,343.9851077,378.9203898,664.9253837,350.0548285,353.5855483,624.7446462,334.2773413,118.0134236,203.0222715,134.9486813
8,123.471124,212.2952232,140.2114955,367.9640382,646.6041213,342.9112088,384.2260578,669.4582223,349.2088867,358.0660299,628.3552411,333.245258,118.7448218,203.2766229,134.0664
8.1,124.2050897,212.4904688,139.2431846,372.5265265,650.1466893,341.7578576,389.5143412,673.8503477,348.284029,362.5160338,631.8215517,332.1362224,119.4615243,203.4858763,133.1584928
8.2,124.9230199,212.6384218,138.2482538,377.0548454,653.5395418,340.5258503,394.7829665,678.1009437,347.2809331,366.9335892,635.143197,330.9510021,120.1631957,203.6502169,132.2253044
8.3,125.6245771,212.7392898,137.2270653,381.5469919,656.7823365,339.2159783,400.029673,682.2092305,346.2002731,371.3167493,638.3198314,329.6903596,120.8495077,203.7698334,131.2671764
8.4,126.3094312,212.7932844,136.179978,386.0009892,659.8747664,337.8290278,405.2522146,686.1744637,345.0427207,375.6635923,641.3511436,328.355053,121.5201393,203.8449182,130.2844472
8.5,126.9772601,212.8006207,135.1073481,390.4148874,662.8165592,336.3657808,410.4483604,689.995934,343.8089453,379.9722216,644.2368555,326.9458359,122.1747767,203.8756675,129.2774528
8.6,127.6277493,212.7615177,134.0095291,394.786764,665.6074765,334.8270156,415.6158965,693.6729668,342.4996145,384.2407671,646.9767219,325.4634586,122.8131136,203.8622811,128.2465265
8.7,128.2605921,212.676198,132.8868719,399.1147246,668.2473127,333.2135069,420.7526265,697.2049216,341.1153945,388.4673853,649.5705294,323.9086681,123.434851,203.8049624,127.1919995
8.8,128.8754897,212.544888,131.7397256,403.3969035,670.7358946,331.5260266,425.8563731,700.5911913,339.6569508,392.6502601,652.018096,322.2822083,124.0396971,203.7039187,126.1142009
8.9,129.4721512,212.3678177,130.5684371,407.6314641,673.0730805,329.7653438,430.9249786,703.8312023,338.1249481,396.7876032,654.3192701,320.5848208,124.627368,203.5593608,125.0134581
9,130.0502935,212.1452212,129.3733515,411.8165994,675.2587598,327.9322255,435.9563062,706.9244134,336.5200509,400.8776545,656.4739301,318.8172453,125.1975871,203.3715033,123.8900967
9.1,130.6096417,211.8773358,128.1548126,415.9505323,677.292852,326.0274366,440.9482404,709.8703161,334.8429239,404.9186827,658.4819836,316.9802192,125.7500851,203.1405644,122.7444409
9.2,131.1499284,211.5644031,126.9131624,420.0315163,679.1753064,324.0517408,445.8986884,712.6684336,333.0942321,408.9089852,660.3433672,315.074479,126.2846004,202.866766,121.5768135
9.3,131.6708945,211.2066681,125.6487419,424.0578351,680.9061015,322.0059002,450.8055805,715.3183209,331.2746413,412.8468892,662.0580457,313.1007597,126.8008792,202.5503338,120.3875364
9.4,132.1722885,210.8043798,124.361891,428.0278037,682.4852443,319.8906761,455.6668709,717.8195644,329.3848182,416.7307509,663.6260116,311.0597956,127.2986746,202.1914971,119.1769301
9.5,132.6538672,210.3577907,123.0529484,431.9397681,683.9127703,317.7068291,460.4805384,720.171781,327.4254308,420.558957,665.0472846,308.9523201,127.7777478,201.7904889,117.9453145
9.6,133.1153949,209.8671575,121.7222522,435.7921057,685.1887422,315.4551194,465.2445869,722.3746188,325.3971486,424.3299238,666.3219114,306.7790667,128.2378672,201.347546,116.6930085
9.7,133.5566441,209.3327402,120.3701397,439.5832255,686.3132503,313.1363071,469.9570464,724.4277558,323.3006425,428.0420979,667.4499649,304.5407684,128.6788087,200.8629089,115.4203306
9.8,133.9773947,208.754803,118.9969476,443.311568,687.2864116,310.751152,474.6159731,726.3309004,321.1365858,431.6939565,668.4315443,302.2381585,129.1003557,200.3368217,114.1275985
9.9,134.3774349,208.1336138,117.603012,446.9756056,688.1083694,308.3004147,479.2194501,728.0837904,318.9056534,435.2840072,669.2667741,299.8719705,129.502299,199.7695324,112.8151295
10,134.7565604,207.4694443,116.1886687,450.5738427,688.7792933,305.7848559,483.7655879,729.6861935,316.6085227,438.8107882,669.9558042,297.4429385,129.884437,199.1612926,111.4832407
10.1,135.1145747,206.7625699,114.7542531,454.1048156,689.2993782,303.2052372,488.252525,731.1379065,314.2458737,442.2728684,670.4988095,294.9517974,130.2465751,198.5123577,110.1322487
10.2,135.451289,206.01327,113.3001006,457.5670924,689.6688447,300.5623207,492.678428,732.4387553,311.8183886,445.6688474,670.8959891,292.3992827,130.5885263,197.8229869,108.7624701
10.3,135.766522,205.2218278,111.826546,460.9592736,689.8879382,297.85687,497.0414923,733.5885944,309.3267527,448.9973557,671.1475669,289.7861311,130.9101109,197.093443,107.3742211
10.4,136.0601003,204.3885304,110.3339244,464.2799913,689.9569288,295.0896496,501.339942,734.5873071,306.7716539,452.2570545,671.2537904,287.1130805,131.2111563,196.3239926,105.967818
10.5,136.3318579,203.5136686,108.8225708,467.52791,689.876111,292.2614253,505.572031,735.434805,304.1537834,455.4466358,671.2149308,284.3808702,131.4914972,195.5149062,104.5435771
10.6,136.5816363,202.5975371,107.29282,470.7017258,689.6458033,289.3729644,509.7360424,736.1310277,301.4738351,458.5648224,671.0312829,281.5902408,131.7509754,194.6664578,103.1018149
10.7,136.8092843,201.6404345,105.7450071,473.8001672,689.2663484,286.4250359,513.8302896,736.675943,298.7325064,461.610368,670.7031644,278.7419345,131.98944,193.7789254,101.6428476
10.8,137.0146585,200.6426632,104.1794674,476.8219941,688.738112,283.4184103,517.8531158,737.0695462,295.930498,464.5820566,670.2309161,275.8366953,132.2067469,192.8525904,100.1669918
10.9,137.1976223,199.6045295,102.5965362,479.7659984,688.0614837,280.3538602,521.802895,737.3118603,293.0685139,467.4787031,669.6149013,272.8752689,132.4027592,191.8877384,98.67456448
11,137.358047,198.5263435,100.9965491,482.6310038,687.2368758,277.2321598,525.6780314,737.4029356,290.1472616,470.2991529,668.8555058,269.8584031,132.5773469,190.8846584,97.16588246
11.1,137.4958106,197.4084191,99.37984197,485.4158655,686.2647235,274.0540855,529.4769604,737.3428496,287.1674521,473.0422819,667.9531377,266.7868473,132.7303869,189.8436433,95.64126307
11.2,137.6107985,196.2510742,97.74675101,488.1194702,685.1454848,270.8204157,533.198148,737.1317067,284.1298,475.7069963,666.908227,263.6613534,132.8617629,188.7649896,94.10102387
11.3,137.7029033,195.0546304,96.09761268,490.7407359,683.87964,267.5319311,536.8400915,736.7696384,281.0350237,478.2922325,665.7212254,260.4826752,132.9713655,187.6489977,92.54548274
11.4,137.7720243,193.8194132,94.43276381,493.278612,682.4676915,264.1894145,540.4013195,736.2568024,277.883845,480.7969572,664.3926063,257.2515687,133.0590919,186.4959717,90.97495793
11.5,137.8180682,192.5457518,92.75254161,495.7320789,680.9101638,260.7936511,543.8803918,735.5933834,274.6769897,483.2201669,662.9228644,253.9687922,133.1248463,185.3062192,89.38976803
11.6,137.8409483,191.2339795,91.05728367,498.1001481,679.2076033,257.3454282,547.2758996,734.7795921,271.4151873,485.5608884,661.3125158,250.6351065,133.1685391,184.0800517,87.79023204
11.7,137.840585,189.884433,89.34732799,500.3818617,677.3605778,253.8455359,550.5864658,733.8156654,268.099171,487.8181777,659.5620974,247.2512744,133.1900874,182.8177845,86.17666935
11.8,137.8169052,188.4974531,87.623013,502.5762927,675.3696768,250.2947664,553.8107448,732.7018662,264.7296781,489.9911209,657.6721671,243.8180615,133.1894151,181.5197363,84.54939976
11.9,137.7698429,187.0733843,85.88467754,504.6825444,673.2355107,246.6939145,556.9474227,731.4384832,261.3074494,492.0788332,655.6433034,240.3362356,133.1664522,180.1862297,82.9087435
12,137.6993384,185.6125748,84.13266089,506.6997505,670.9587113,243.0437777,559.9952171,730.0258309,257.8332297,494.0804594,653.4761053,236.8065669,133.1211351,178.8175909,81.25502122
12.1,137.6053389,184.1153767,82.36730278,508.627075,668.539931,239.3451557,562.9528774,728.4642492,254.3077678,495.9951732,651.1711921,233.2298284,133.0534068,177.4141497,79.58855403
12.2,137.4877979,182.5821457,80.5889434,510.4637117,665.9798433,235.5988509,565.8191849,726.7541034,250.7318162,497.8221775,648.7292034,229.6067954,132.9632163,175.9762395,77.90966344
12.3,137.3466755,181.0132412,78.79792334,512.2088842,663.2791418,231.8056684,568.5929524,724.895784,247.1061312,499.5607038,646.1507987,225.9382457,132.8505189,174.5041974,76.21867144
12.4,137.1819383,179.4090265,76.99458368,513.8618458,660.4385408,227.9664156,571.2730243,722.8897064,243.431473,501.2100124,643.4366573,222.2249598,132.7152761,172.9983641,74.51590041
12.5,136.993559,177.7698684,75.17926591,515.4218792,657.4587748,224.0819029,573.858277,720.7363111,239.7086059,502.7693921,640.5874785,218.4677205,132.5574555,171.4590839,72.80167321
12.6,136.8785615,176.2089382,73.61931917,517.0077479,654.4810386,220.480628,576.4660971,718.5753794,236.2634223,504.3538964,637.7400538,214.9848116,132.4681766,169.9926589,71.32708534
12.7,136.8469455,174.7496956,72.33469236,518.6439155,651.55139,217.2216356,579.1204121,716.4523742,233.1544747,505.9872144,634.938999,211.8334403,132.4569051,168.6212286,70.11108863
12.8,136.8899196,173.3951568,71.29634949,520.3314871,648.692829,214.3027646,581.8219088,714.3898377,230.3795824,507.6704003,632.2065865,209.0115109,132.5154559,167.3477446,69.12662153
12.9,136.9938287,172.1395721,70.46696567,522.0606057,645.9135611,211.6979729,584.5603971,712.3956357,227.9128707,509.3938868,629.5507543,206.4937889,132.6310445,166.1669,68.33875193
13,137.1467389,170.9761775,69.81643537,523.8196573,643.2167159,209.3801358,587.3239524,710.4726067,225.7273925,511.1464044,626.9745226,204.2539911,132.7924788,165.0724117,67.71926589
13.1,137.3392415,169.8992409,69.32183603,525.5982067,640.6043806,207.3263821,590.1018256,708.6225614,223.8004227,512.917826,624.4799018,202.2699553,132.9909267,164.058951,67.24666723
13.2,137.5640201,168.9041903,68.96546552,527.3874773,638.0786517,205.5180214,592.8849184,706.8473258,222.1133859,514.6996314,622.0689115,200.5235707,133.219515,163.1222704,66.90434884
13.3,137.8153815,167.9873581,68.73335753,529.1802313,635.641762,203.9395428,595.6656626,705.1488664,220.6508626,516.4847915,619.7437034,198.9998067,133.4728926,162.2589652,66.67920351
13.4,138.0888395,167.1457066,68.61407319,530.9705462,633.2960368,202.577658,598.4377993,703.529247,219.3996411,518.2675515,617.506519,197.6857867,133.7468407,161.4662184,66.5604923
13.5,138.3808083,166.3766444,68.59791762,532.7536082,631.0438534,201.4206753,601.196174,701.9905898,218.3480959,520.0432313,615.3596504,196.5701806,134.0379864,160.7416292,66.53911084
13.6,138.6884044,165.6779255,68.6765416,534.5255423,628.8876159,200.4581624,603.9365685,700.5350504,217.4858544,521.8080598,613.3054158,195.6428793,134.3436166,160.0831185,66.60721618
13.7,139.0093053,165.0475832,68.84269408,536.2832679,626.8297357,199.6807316,606.6555581,699.1648009,216.803585,523.5590363,611.3461409,194.8947855,134.6615461,159.4888675,66.75799487
13.8,139.3416351,164.4838751,69.09001135,538.0243745,624.8726135,199.0798628,609.3503891,697.8820127,216.2928221,525.2938092,609.4841411,194.3176431,134.9900097,158.9572665,66.98546551
13.9,139.6838744,163.9852379,69.41284768,539.747019,623.0186206,198.6477599,612.0188771,696.6888407,215.9458248,527.0105768,607.7217039,193.9038973,135.327578,158.4868723,67.28432009
14,140.0347934,163.5502528,69.80615286,541.4498423,621.2700812,198.3772414,614.6593257,695.587407,215.7554697,528.7080065,606.0610718,193.6465895,135.6730943,158.0763762,67.64980922
14.1,140.3934003,163.1776181,70.26537993,543.1319009,619.6292557,198.2616549,617.2704593,694.5797869,215.7151671,530.3851689,604.5044257,193.5392739,136.0256261,157.7245783,68.07765566
14.2,140.7588996,162.8661263,70.78640985,544.7926098,618.0983248,198.294807,619.8513667,693.6679949,215.8187913,532.0414817,603.05387,193.5759495,136.3844266,157.430366,68.56398373
14.3,141.1306583,162.6146462,71.36548979,546.4316923,616.6793759,198.470904,622.4014526,692.8539732,216.0606235,533.676662,601.7114196,193.7510036,136.7489018,157.1926974,69.10526142
14.4,141.5081784,162.4221074,71.99918311,548.0491381,615.3743914,198.784504,624.9203968,692.1395816,216.4353034,535.2906851,600.4789883,194.0591639,137.1185851,157.0105864,69.69825352
14.5,141.891074,162.2874882,72.68432852,549.6451676,614.1852391,199.230476,627.408119,691.526589,216.9377892,536.8837502,599.3583798,194.4954603,137.4931164,156.8830923,70.33998335
14.6,142.2790537,162.2098063,73.41800604,551.220201,613.1136643,199.8039661,629.8647495,691.0166671,217.5633235,538.4562505,598.3512797,195.0551914,137.8722245,156.8093098,71.02770077
14.7,142.6719055,162.1881099,74.19750822,552.7748321,612.1612845,200.5003684,632.2906036,690.6113854,218.3074046,540.0087478,597.4592509,195.7338964,138.2557133,156.7883619,71.75885524
14.8,143.0694839,162.2214723,75.02031587,554.3098059,611.3295847,201.3153001,634.6861599,690.3122072,219.1657606,541.5419507,596.6837288,196.527331,138.6434498,156.8193938,72.53107306
14.9,143.4717,162.3089859,75.88407741,555.8259988,610.6199155,202.2445803,637.0520412,690.1204878,220.1343283,543.0566956,596.0260193,197.4314467,139.0353545,156.9015683,73.34213794
15,143.8785123,162.4497586,76.78659109,557.3244012,610.033491,203.2842111,639.3889981,690.0374728,221.2092337,544.5539299,595.4872974,198.4423729,139.4313932,157.0340616,74.18997437
15.1,144.28992,162.6429103,77.72578965,558.8061029,609.5713897,204.4303618,641.6978948,690.0642981,222.3867757,546.0346977,595.068607,199.556401,139.8315697,157.2160604,75.07263323
15.2,144.7059559,162.8875703,78.69972711,560.2722798,609.2345543,205.679355,643.9796962,690.2019898,223.6634115,547.5001271,594.7708618,200.7699713,140.2359204,157.4467597,75.98827933
15.3,145.1266821,163.182875,79.7065671,561.7241822,609.0237939,207.0276535,646.2354571,690.4514658,225.0357431,548.9514188,594.5948469,202.07966,140.6445088,157.7253603,76.93518051
15.4,145.5521846,163.5279668,80.74457273,563.1631247,608.9397861,208.4718501,648.4663118,690.8135367,226.5005063,550.3898363,594.5412207,203.4821697,141.0574218,158.0510677,77.91169817
15.5,145.9825698,163.9219926,81.8120977,564.5904767,608.9830799,210.0086574,650.6734661,691.2889084,228.0545602,551.8166966,594.6105178,204.974319,141.4747655,158.4230911,78.91627879
15.6,146.4179613,164.3641025,82.90757836,566.0076545,609.1540988,211.6348993,652.8581885,691.8781839,229.6948781,553.233363,594.8031519,206.5530346,141.8966622,158.8406423,79.9474466
15.7,146.8584966,164.8534499,84.0295267,567.4161136,609.4531444,213.3475035,655.0218037,692.5818664,231.4185388,554.6412372,595.1194197,208.2153438,142.3232478,159.3029349,81.00379699
15.8,147.3043247,165.3891901,85.17652418,568.8173422,609.8804,215.1434939,657.1656855,693.4003613,233.2227197,556.041753,595.5595039,209.9583674,142.7546692,159.8091842,82.08399064
15.9,147.755604,165.9704806,86.34721615,570.212855,610.435935,217.0199852,659.2912516,694.3339797,235.1046898,557.4363708,596.1234773,211.779314,143.191082,160.3586068,83.18674833
16,148.2125003,166.5964806,87.54030685,571.6041876,611.1197088,218.9741764,661.3999575,695.382941,237.0618035,558.8265717,596.8113069,213.6754741,143.6326492,160.9504202,84.31084623
16.1,148.6751848,167.2663509,88.75455494,572.9928915,611.9315746,221.0033463,663.4932917,696.5473762,239.0914949,560.2138527,597.6228574,215.6442155,144.0795389,161.5838428,85.45511173
16.2,149.1438329,167.9792537,89.98876952,574.3805295,612.8712842,223.1048484,665.5727712,697.8273305,241.1912734,561.5997225,598.5578958,217.6829786,144.5319233,162.258094,86.61841967
16.3,149.6186225,168.7343528,91.24180645,575.7686713,613.9384914,225.276107,667.6399368,699.2227669,243.3587182,562.9856969,599.616095,219.7892719,144.9899772,162.9723939,87.79968887
16.4,150.0997332,169.5308134,92.51256508,577.1588893,615.1327569,227.5146128,669.6963494,700.7335684,245.5914747,564.3732951,600.7970377,221.9606688,145.453877,163.7259637,88.99787912
16.5,150.5873447,170.3678025,93.79998526,578.5527552,616.453552,229.8179199,671.743586,702.3595416,247.8872502,565.7640363,602.1002207,224.1948038,145.9237993,164.5180255,90.21198829
16.6,151.0816364,171.2444888,95.10304465,579.9518364,617.9002623,232.1836419,673.7832358,704.1004194,250.2438105,567.1594358,603.5250581,226.4893692,146.3999203,165.3478025,91.44104984
16.7,151.5827859,172.1600426,96.42075619,581.357693,619.472192,234.6094495,675.8168975,705.9558635,252.6589767,568.5610025,605.0708856,228.8421125,146.8824149,166.2145193,92.6841305
16.8,152.0909686,173.1136362,97.75216594,582.7718744,621.1685676,237.0930671,677.8461754,707.9254675,255.1306219,569.970236,606.736964,231.2508331,147.3714557,167.1174016,93.94032811
16.9,152.6063567,174.1044442,99.09635094,584.1959169,622.9885415,239.6322706,679.8726767,710.0087593,257.6566688,571.3886231,608.5224824,233.7133804,147.8672126,168.0556769,95.20876972
17,153.129119,175.1316429,100.4524173,585.631341,624.9311953,242.2248848,681.8980087,712.2052039,260.2350866,572.8176363,610.4265619,236.2276511,148.369852,169.028574,96.48860979
17.1,153.6594198,176.1944115,101.8194987,587.0796488,626.9955436,244.8687811,683.9237757,714.5142056,262.8638888,574.2587308,612.4482589,238.791587,148.8795364,170.0353239,97.77902859
17.2,154.1974186,177.2919311,103.1967544,588.5423221,629.1805373,247.5618756,685.9515767,716.9351104,265.5411313,575.7133424,614.5865678,241.403173,149.3964236,171.0751591,99.07923067
17.3,154.7432697,178.4233858,104.583368,590.0208199,631.4850663,250.3021272,687.9830028,719.4672085,268.2649097,577.1828858,616.8404249,244.0604355,149.9206665,172.1473144,100.3884435
17.4,155.2971216,179.5879621,105.9785463,591.5165767,633.9079632,253.0875353,690.0196349,722.1097363,271.033358,578.6687522,619.2087105,246.7614402,150.4524127,173.2510267,101.7059163
17.5,155.8591166,180.7848494,107.3815177,593.0310006,636.4480055,255.9161388,692.0630413,724.8618786,273.8446462,580.1723078,621.6902521,249.5042908,150.9918038,174.3855352,103.0309185
17.6,156.4293908,182.0132401,108.7915311,594.5654716,639.103919,258.786014,694.1147759,727.7227705,276.6969792,581.6948922,624.2838269,252.2871272,151.5389755,175.5500815,104.3627393
17.7,157.0080733,183.2723296,110.2078551,596.1213402,641.8743803,261.6952732,696.1763759,730.6914998,279.5885947,583.2378167,626.9881647,255.1081242,152.0940569,176.7439098,105.7006861
17.8,157.5952863,184.5613164,111.6297768,597.6999258,644.7580191,264.6420636,698.2493598,733.7671081,282.5177624,584.802363,629.80195,257.9654901,152.6571707,177.9662668,107.0440838
17.9,158.1911445,185.8794021,113.0566009,599.3025151,647.7534211,267.6245655,700.3352262,736.9485933,285.4827819,586.389782,632.7238245,260.8574654,153.2284323,179.2164022,108.3922738
18,158.7957553,187.2257919,114.4876488,600.9303617,650.8591297,270.6409915,702.4354513,740.2349108,288.481982,588.0012924,635.7523894,263.7823218,153.8079504,180.4935681,109.7446135
18.1,159.4092184,188.5996941,115.9222581,602.5846841,654.0736491,273.6895852,704.5514879,743.6249756,291.5137192,589.6380798,638.8862074,266.7383608,154.395826,181.7970198,111.1004755
18.2,160.0316256,190.0003205,117.3597815,604.2666653,657.3954457,276.7686199,706.6847635,747.1176634,294.5763767,591.3012955,642.1238048,269.7239128,154.9921529,183.1260156,112.4592464
18.3,160.6630607,191.4268867,118.7995864,605.9774517,660.8229504,279.876398,708.8366791,750.7118127,297.6683634,592.9920559,645.4636737,272.7373359,155.5970173,184.4798167,113.8203269
18.4,161.3035995,192.8786116,120.241054,607.7181521,664.3545606,283.0112496,711.0086078,754.4062255,300.7881129,594.7114415,648.9042734,275.7770155,156.2104975,185.8576876,115.1831306
18.5,161.9533095,194.3547178,121.6835792,609.4898374,667.988642,286.1715318,713.2018936,758.1996695,303.9340825,596.4604963,652.4440325,278.8413626,156.8326641,187.2588959,116.5470841
18.6,162.6122501,195.8544317,123.1265693,611.2935396,671.7235302,289.3556278,715.4178501,762.0908786,307.1047523,598.2402269,656.0813507,281.9288137,157.4635801,188.6827125,117.9116256
18.7,163.2804723,197.3769834,124.5694443,613.1302512,675.5575327,292.5619462,717.6577594,766.078555,310.2986248,600.0516023,659.8146001,285.0378297,158.1033001,190.1284116,119.2762053
18.8,163.9580188,198.921607,126.0116357,615.0009252,679.4889303,295.78892,719.9228715,770.1613699,313.5142236,601.8955534,663.6421269,288.166895,158.7518711,191.5952707,120.6402844
18.9,164.644924,200.4875401,127.4525866,616.9064742,683.5159787,299.0350062,722.2144027,774.3379647,316.7500931,603.7729721,667.5622528,291.3145172,159.4093319,193.0825708,122.0033347
19,165.3412137,202.0740244,128.8917509,618.8477702,687.6369098,302.2986847,724.5335354,778.6069524,320.0047975,605.6847115,671.5732768,294.479226,160.0757136,194.5895963,123.3648387
19.1,166.0469057,203.6803055,130.3285933,620.8256445,691.8499335,305.5784579,726.8814167,782.9669186,323.2769207,607.6315856,675.6734757,297.6595729,160.751039,196.1156352,124.7242884
19.2,166.7620093,205.305633,131.7625885,622.8408872,696.1532386,308.8728502,729.2591582,787.4164224,326.565065,609.6143686,679.8611064,300.8541305,161.4353231,197.6599788,126.0811859
19.3,167.4865254,206.9492603,133.193221,624.8942474,700.5449941,312.1804072,731.6678352,791.9539975,329.8678513,611.6337953,684.1344064,304.0614919,162.1285728,199.2219223,127.4350423
19.4,168.2204469,208.6104452,134.6199853,626.9864328,705.0233509,315.4996952,734.1084858,796.5781534,333.1839178,613.6905606,688.4915951,307.2802702,162.8307875,200.8007643,128.7853779
19.5,168.9637583,210.2884492,136.0423845,629.1181098,709.5864423,318.8293006,736.5821107,801.2873759,336.5119204,615.7853198,692.9308752,310.509098,163.5419582,202.395807,130.1317214
19.6,169.7164362,211.9825379,137.4599312,631.2899035,714.2323855,322.1678298,739.0896729,806.0801283,339.8505315,617.9186882,697.4504336,313.7466268,164.2620685,204.0063564,131.4736105
19.7,170.4784488,213.6919811,138.8721464,633.5023979,718.9592828,325.5139082,741.6320967,810.9548524,343.19844,620.0912414,702.0484421,316.9915268,164.9910942,205.6317221,132.8105905
19.8,171.2497567,215.4160527,140.2785596,635.7561357,723.765222,328.8661802,744.2102677,815.9099689,346.5543506,622.3035154,706.7230589,320.2424864,165.7290033,207.2712174,134.1422152
19.9,172.0303125,217.1540308,141.6787087,638.0516185,728.6482781,332.2233084,746.8250328,820.9438788,349.9169838,624.5560067,711.4724294,323.4982117,166.4757564,208.9241594,135.4680458
20,172.8200609,218.9051975,143.0721393,640.3893075,733.6065137,335.5839736,749.4771993,826.0549636,353.2850753,626.8491722,716.2946868,326.757426,167.2313066,210.589869,136.7876512
20.1,173.618939,220.6688392,144.458405,642.7696229,738.6379801,338.9468741,752.167535,831.2415866,356.6573756,629.1834298,721.1879532,330.0188697,167.9955995,212.2676708,138.1006076
20.2,174.4268763,222.4442464,145.837067,645.1929448,743.7407183,342.3107254,754.8967682,836.5020934,360.0326498,631.5591586,726.1503405,333.2813,168.7685736,213.9568933,139.4064985
20.3,175.243795,224.2307138,147.2076939,647.6596131,748.9127594,345.6742602,757.6655874,841.8348123,363.4096776,633.9766987,731.1799508,336.5434903,169.5501599,215.6568687,140.7049143
20.4,176.0696097,226.0275406,148.5698615,650.1699283,754.1521258,349.0362275,760.4746412,847.2380559,366.7872524,636.436352,736.2748778,339.80423,170.3402827,217.3669332,141.9954523
20.5,176.904228,227.8340298,149.9231527,652.7241511,759.4568316,352.395393,763.3245382,852.7101206,370.1641817,638.9383823,741.4332068,343.0623243,171.1388591,219.0864267,143.2777164
20.6,177.7475503,229.649489,151.2671575,655.3225036,764.8248838,355.750538,766.2158472,858.2492884,373.5392863,641.4830158,746.6530159,346.3165939,171.9457994,220.8146933,144.5513172
20.7,178.5994699,231.47323,152.6014725,657.9651689,770.2542823,359.10046,769.1490973,863.8538268,376.9114005,644.0704412,751.9323766,349.5658746,172.7610072,222.5510806,145.8158716
20.8,179.4598735,233.3045689,153.925701,660.6522921,775.7430213,362.4439717,772.1247775,869.5219897,380.2793717,646.7008103,757.269354,352.8090172,173.5843796,224.2949404,147.071003
20.9,180.3286409,235.142826,155.2394531,663.3839807,781.2890895,365.7799011,775.1433373,875.2520179,383.6420603,649.3742383,762.6620083,356.0448874,174.4158069,226.0456285,148.3163407
21,181.2056455,236.987326,156.542345,666.1603045,786.8904708,369.1070916,778.2051866,881.04214,386.9983393,652.0908045,768.1083945,359.2723652,175.2551735,227.8025044,149.5515204
21.1,182.0907541,238.8373981,157.8339994,668.9812969,792.5451449,372.4244009,781.310696,886.8905725,390.3470944,654.8505522,773.6065634,362.490345,176.1023571,229.5649319,150.7761834
21.2,182.9838273,240.6923755,159.1140452,671.8469546,798.251088,375.7307018,784.4601967,892.7955207,393.6872238,657.6534898,779.1545622,365.6977352,176.9572297,231.3322786,151.9899772
21.3,183.8847195,242.5515963,160.3821175,674.7572385,804.0062731,379.0248813,787.653981,898.7551795,397.0176378,660.4995908,784.7504349,368.8934584,177.819657,233.1039161,153.1925549
21.4,184.7932791,244.4144025,161.6378572,677.7120744,809.8086709,382.3058408,790.8923025,904.7677331,400.3372591,663.3887943,790.392223,372.0764507,178.6894993,234.8792203,154.3835755
21.5,185.7093486,246.2801407,162.8809114,680.7113531,815.6562499,385.5724955,794.1753763,910.8313566,403.6450223,666.321006,796.0779656,375.2456618,179.5666107,236.6575708,155.5627033
21.6,186.6327648,248.1481621,164.110933,683.754931,821.5469774,388.8237749,797.5033792,916.9442156,406.9398738,669.2960981,801.8057005,378.400055,180.4508402,238.4383517,156.7296085
21.7,187.5633588,250.0178222,165.3275807,686.842631,827.4788194,392.058622,800.8764503,923.1044673,410.2207721,672.3139101,807.5734641,381.5386068,181.3420309,240.2209508,157.8839665
21.8,188.5009565,251.8884808,166.5305187,689.9742426,833.4497416,395.2759937,804.2946908,929.310261,413.4866871,675.3742492,813.379292,384.6603068,182.2400212,242.0047604,159.0254582
21.9,189.4453782,253.7595026,167.7194172,693.1495229,839.4577096,398.4748601,807.7581651,935.559738,416.7366005,678.4768912,819.2212199,387.7641577,183.1446437,243.7891767,160.1537698
22,190.3964393,255.6302565,168.8939519,696.3681966,845.5006893,401.654205,811.2669003,941.8510327,419.9695055,681.6215804,825.0972833,390.849175,184.0557265,245.5736001,161.2685931
22.1,191.3539499,257.5001161,170.0538038,699.6299571,851.5766474,404.813025,814.8208872,948.1822731,423.1844067,684.8080308,831.0055186,393.9143872,184.9730924,247.3574354,162.3696246
22.2,192.3177155,259.3684594,171.1986597,702.934467,857.6835521,407.9503304,818.4200807,954.5515807,426.3803201,688.0359261,836.9439628,396.9588353,185.8965599,249.1400914,163.4565663
22.3,193.2875366,261.234669,172.3282116,706.2813582,863.819373,411.0651441,822.0643996,960.9570715,429.556273,691.3049207,842.9106548,399.9815728,186.8259425,250.9209812,164.5291254
22.4,194.2632094,263.0981324,173.4421571,709.670233,869.9820819,414.1565022,825.7537277,967.3968561,432.7113041,694.6146397,848.9036348,402.9816659,187.7610493,252.6995221,165.5870139
22.5,195.2445254,264.9582413,174.5401989,713.1006644,876.1696528,417.2234534,829.4879139,973.8690406,435.8444631,697.9646803,854.9209455,405.9581931,188.7016852,254.4751359,166.6299492
22.6,196.2312719,266.8143924,175.6220451,716.5721971,882.3800629,420.2650593,833.2667726,980.3717265,438.954811,701.3546114,860.960632,408.9102452,189.6476507,256.2472485,167.6576534
22.7,197.2232319,268.6659867,176.687409,720.0843472,888.6112924,423.2803944,837.0900843,986.9030114,442.0414198,704.7839748,867.0207423,411.8369252,190.5987423,258.0152902,168.6698536
22.8,198.2201845,270.5124303,177.7360094,723.6366039,894.861325,426.2685453,840.9575959,993.4609896,445.1033727,708.2522856,873.0993275,414.7373483,191.5547527,259.7786958,169.666282
22.9,199.2219049,272.3531337,178.7675698,727.2284291,901.1281484,429.2286116,844.8690216,1000.043752,448.1397638,711.7590325,879.1944427,417.6106418,192.5154704,261.5369043,170.6466757
23,200.2281645,274.1875123,179.7818192,730.8592586,907.4097546,432.159705,848.8240426,1006.649388,451.1496983,715.3036789,885.3041464,420.4559451,193.4806805,263.2893591,171.6107763
23.1,201.2387309,276.0149864,180.7784917,734.5285025,913.7041401,435.0609499,852.8223083,1013.275982,454.1322923,718.885663,891.4265018,423.2724093,194.4501644,265.0355082,172.5583308
23.2,202.2533684,277.8349807,181.7573263,738.2355457,920.0093065,437.9314829,856.8634364,1019.92162,457.0866731,722.5043983,897.5595764,426.0591978,195.4237002,266.7748039,173.4890905
23.3,203.271838,279.6469251,182.7180672,741.9797486,926.3232605,440.7704528,860.9470137,1026.584384,460.0119785,726.1592746,903.7014428,428.8154855,196.4010625,268.5067033,174.4028118
23.4,204.2938972,281.4502542,183.6604635,745.7604475,932.6440146,443.5770208,865.0725962,1033.262357,462.9073577,729.8496583,909.8501787,431.5404594,197.3820229,270.2306676,175.2992558
23.5,205.3193005,283.2444075,184.5842696,749.5769554,938.969587,446.3503603,869.2397099,1039.95362,465.7719704,733.5748927,916.0038673,434.2333181,198.3663498,271.9461628,176.1781882
23.6,206.3477996,285.0288294,185.4892446,753.4285623,945.2980022,449.0896567,873.4478513,1046.656253,468.6049876,737.334299,922.1605977,436.893272,199.3538086,273.6526595,177.0393795
23.7,207.3791431,286.8029693,186.3751526,757.3145362,951.6272913,451.7941076,877.6964879,1053.368339,471.4055907,741.1271766,928.3184651,439.5195432,200.344162,275.3496328,177.8826051
23.8,208.413077,288.5662813,187.2417629,761.2341232,957.9554921,454.4629227,881.9850584,1060.087958,474.1729724,744.9528037,934.475571,442.1113653,201.33717,277.0365624,178.7076447
23.9,209.4493447,290.3182249,188.0888495,765.1865482,964.2806496,457.0953237,886.3129738,1066.813194,476.9063361,748.8104378,940.6300239,444.6679839,202.33259,278.7129328,179.5142829
24,210.487687,292.0582644,188.9161913,769.1710156,970.6008162,459.6905444,890.6796175,1073.54213,479.6048962,752.6993162,946.779939,447.1886557,203.3301768,280.3782332,180.3023089
24.1,211.5278424,293.7858691,189.7235721,773.1867098,976.914052,462.2478303,895.0843459,1080.272852,482.2678777,756.6186565,952.9234388,449.6726494,204.329683,282.0319574,181.0715166
24.2,212.5695473,295.5005134,190.5107809,777.2327955,983.2184252,464.7664392,899.526489,1087.003448,484.8945169,760.5676576,959.0586535,452.1192451,205.3308589,283.673604,181.8217044
24.3,213.6125358,297.201677,191.2776111,781.3084188,989.5120119,467.2456407,904.0053511,1093.732007,487.4840606,764.5454994,965.1837209,454.5277343,206.3334526,285.3026763,182.5526754
24.4,214.65654,298.8888444,192.0238612,785.4127071,995.7928972,469.6847163,908.5202108,1100.456622,490.0357667,768.5513441,971.2967871,456.8974201,207.3372104,286.9186826,183.2642372
24.5,215.7012902,300.5615057,192.7493346,789.5447699,1002.059175,472.0829594,913.0703221,1107.175388,492.548904,772.5843361,977.3960063,459.2276172,208.3418765,288.521136,183.9562021
24.6,216.746515,302.2191558,193.4538394,793.7036996,1008.308947,474.4396752,917.6549146,1113.886405,495.0227522,776.6436029,983.4795415,461.5176516,209.3471934,290.1095542,184.6283868
24.7,217.791941,303.8612951,194.1371885,797.8885717,1014.540327,476.7541809,922.2731942,1120.587776,497.4566017,780.7282556,989.5455646,463.7668608,210.3529017,291.6834603,185.2806127
24.8,218.8372936,305.4874291,194.7991998,802.0984452,1020.751435,479.0258054,926.9243435,1127.277608,499.8497542,784.8373891,995.5922563,465.9745939,211.3587408,293.2423818,185.9127056
24.9,219.8822966,307.0970687,195.4396958,806.3323637,1026.940404,481.2538896,931.6075225,1133.954012,502.2015222,788.9700831,1001.617807,468.1402111,212.3644484,294.7858515,186.5244962
25,220.9266724,308.6897301,196.0585039,810.5893551,1033.105375,483.437786,936.3218688,1140.615104,504.511229,793.1254019,1007.620417,470.2630844,213.3697607,296.3134072,187.1158192
